,RISK_SCORE,SIGNAL,ACTION,REGIME,LEADING_SCORE,COINCIDENT_SCORE,LAGGING_SCORE,GLIDE_ACCELERATE
2022-01-03,3.76,🟡 흐림,위험자산 10~20% 축소,둔화_주의,2.29,1.17,0.31,False
2022-01-04,3.76,🟡 흐림,위험자산 10~20% 축소,둔화_주의,2.29,1.17,0.31,False
2022-01-05,3.76,🟡 흐림,위험자산 10~20% 축소,둔화_주의,2.29,1.17,0.31,False
2022-01-06,3.76,🟡 흐림,위험자산 10~20% 축소,둔화_주의,2.29,1.17,0.31,False
2022-01-07,3.18,🟡 흐림,위험자산 10~20% 축소,둔화_주의,2.29,0.58,0.31,False
2022-01-10,3.18,🟡 흐림,위험자산 10~20% 축소,둔화_주의,2.29,0.58,0.31,False
2022-01-11,3.18,🟡 흐림,위험자산 10~20% 축소,둔화_주의,2.29,0.58,0.31,False
2022-01-12,3.18,🟡 흐림,위험자산 10~20% 축소,둔화_주의,2.29,0.58,0.31,False
2022-01-13,3.76,🟡 흐림,위험자산 10~20% 축소,둔화_주의,2.29,1.17,0.31,False
2022-01-14,3.18,🟡 흐림,위험자산 10~20% 축소,둔화_주의,2.29,0.58,0.31,False
2022-01-17,3.18,🟡 흐림,위험자산 10~20% 축소,둔화_주의,2.29,0.58,0.31,False
2022-01-18,3.18,🟡 흐림,위험자산 10~20% 축소,둔화_주의,2.29,0.58,0.31,False
2022-01-19,3.76,🟡 흐림,위험자산 10~20% 축소,둔화_주의,2.29,1.17,0.31,False
2022-01-20,3.18,🟡 흐림,위험자산 10~20% 축소,둔화_주의,2.29,0.58,0.31,False
2022-01-21,3.76,🟡 흐림,위험자산 10~20% 축소,둔화_주의,2.29,1.17,0.31,False
2022-01-24,3.76,🟡 흐림,위험자산 10~20% 축소,둔화_주의,2.29,1.17,0.31,False
2022-01-25,4.35,🟡 흐림,위험자산 10~20% 축소,둔화_주의,2.29,1.75,0.31,False
2022-01-26,4.93,🟡 흐림,위험자산 10~20% 축소,둔화_주의,2.29,2.33,0.31,False
2022-01-27,4.35,🟡 흐림,위험자산 10~20% 축소,둔화_주의,2.29,1.75,0.31,False
2022-01-28,3.76,🟡 흐림,위험자산 10~20% 축소,둔화_주의,2.29,1.17,0.31,False
2022-01-31,3.76,🟡 흐림,위험자산 10~20% 축소,둔화_주의,2.29,1.17,0.31,False
2022-02-01,3.76,🟡 흐림,위험자산 10~20% 축소,둔화_주의,2.29,1.17,0.31,False
2022-02-02,3.76,🟡 흐림,위험자산 10~20% 축소,둔화_주의,2.29,1.17,0.31,False
2022-02-03,3.76,🟡 흐림,위험자산 10~20% 축소,둔화_주의,2.29,1.17,0.31,False
2022-02-04,3.76,🟡 흐림,위험자산 10~20% 축소,둔화_주의,2.29,1.17,0.31,False
2022-02-07,3.19,🟡 흐림,위험자산 10~20% 축소,과열,1.71,1.17,0.31,False
2022-02-08,2.61,🟢 맑음,기본 비중 유지,과열,1.71,0.58,0.31,False
2022-02-09,2.03,🟢 맑음,기본 비중 유지,과열,1.71,0.0,0.31,False
2022-02-10,2.61,🟢 맑음,기본 비중 유지,과열,1.71,0.58,0.31,False
2022-02-11,2.61,🟢 맑음,기본 비중 유지,과열,1.71,0.58,0.31,False
2022-02-14,3.18,🟡 흐림,위험자산 10~20% 축소,둔화_주의,2.29,0.58,0.31,False
2022-02-15,3.18,🟡 흐림,위험자산 10~20% 축소,둔화_주의,2.29,0.58,0.31,False
2022-02-16,3.76,🟡 흐림,위험자산 10~20% 축소,둔화_주의,2.29,1.17,0.31,False
2022-02-17,3.76,🟡 흐림,위험자산 10~20% 축소,둔화_주의,2.29,1.17,0.31,False
2022-02-18,3.18,🟡 흐림,위험자산 10~20% 축소,둔화_주의,2.29,0.58,0.31,False
2022-02-21,3.18,🟡 흐림,위험자산 10~20% 축소,둔화_주의,2.29,0.58,0.31,False
2022-02-22,3.18,🟡 흐림,위험자산 10~20% 축소,둔화_주의,2.29,0.58,0.31,False
2022-02-23,4.35,🟡 흐림,위험자산 10~20% 축소,둔화_주의,2.29,1.75,0.31,False
2022-02-24,4.93,🟡 흐림,위험자산 10~20% 축소,둔화_주의,2.29,2.33,0.31,False
2022-02-25,3.76,🟡 흐림,위험자산 10~20% 축소,둔화_주의,2.29,1.17,0.31,False
2022-02-28,4.36,🟡 흐림,위험자산 10~20% 축소,과열,1.71,2.33,0.31,False
2022-03-01,4.36,🟡 흐림,위험자산 10~20% 축소,과열,1.71,2.33,0.31,False
2022-03-02,3.78,🟡 흐림,위험자산 10~20% 축소,과열,1.71,1.75,0.31,False
2022-03-03,3.78,🟡 흐림,위험자산 10~20% 축소,과열,1.71,1.75,0.31,False
2022-03-04,4.09,🟡 흐림,위험자산 10~20% 축소,과열,1.71,1.75,0.62,False
2022-03-07,5.24,🟡 흐림,위험자산 10~20% 축소,둔화_주의,2.29,2.33,0.62,False
2022-03-08,5.24,🟡 흐림,위험자산 10~20% 축소,둔화_주의,2.29,2.33,0.62,False
2022-03-09,4.66,🟡 흐림,위험자산 10~20% 축소,둔화_주의,2.29,1.75,0.62,False
2022-03-10,4.66,🟡 흐림,위험자산 10~20% 축소,둔화_주의,2.29,1.75,0.62,False
2022-03-11,4.66,🟡 흐림,위험자산 10~20% 축소,둔화_주의,2.29,1.75,0.62,False
2022-03-14,4.09,🟡 흐림,위험자산 10~20% 축소,과열,1.71,1.75,0.62,False
2022-03-15,3.51,🟡 흐림,위험자산 10~20% 축소,과열,1.71,1.17,0.62,False
2022-03-16,3.51,🟡 흐림,위험자산 10~20% 축소,과열,1.71,1.17,0.62,False
2022-03-17,3.51,🟡 흐림,위험자산 10~20% 축소,과열,1.71,1.17,0.62,False
2022-03-18,3.19,🟡 흐림,위험자산 10~20% 축소,과열,1.71,1.17,0.31,False
2022-03-21,3.19,🟡 흐림,위험자산 10~20% 축소,과열,1.71,1.17,0.31,False
2022-03-22,3.19,🟡 흐림,위험자산 10~20% 축소,과열,1.71,1.17,0.31,False
2022-03-23,3.19,🟡 흐림,위험자산 10~20% 축소,과열,1.71,1.17,0.31,False
2022-03-24,3.19,🟡 흐림,위험자산 10~20% 축소,과열,1.71,1.17,0.31,False
2022-03-25,3.78,🟡 흐림,위험자산 10~20% 축소,과열,1.71,1.75,0.31,False
2022-03-28,2.61,🟢 맑음,기본 비중 유지,과열,1.71,0.58,0.31,False
2022-03-29,2.61,🟢 맑음,기본 비중 유지,과열,1.71,0.58,0.31,False
2022-03-30,2.61,🟢 맑음,기본 비중 유지,과열,1.71,0.58,0.31,False
2022-03-31,3.78,🟡 흐림,위험자산 10~20% 축소,과열,1.71,1.75,0.31,False
2022-04-01,3.76,🟡 흐림,위험자산 10~20% 축소,과열,2.29,1.17,0.31,False
2022-04-04,3.76,🟡 흐림,위험자산 10~20% 축소,과열,2.29,1.17,0.31,False
2022-04-05,3.78,🟡 흐림,위험자산 10~20% 축소,과열,1.71,1.75,0.31,False
2022-04-06,3.78,🟡 흐림,위험자산 10~20% 축소,과열,1.71,1.75,0.31,False
2022-04-07,3.19,🟡 흐림,위험자산 10~20% 축소,과열,1.71,1.17,0.31,False
2022-04-08,3.78,🟡 흐림,위험자산 10~20% 축소,과열,1.71,1.75,0.31,False
2022-04-11,3.19,🟡 흐림,위험자산 10~20% 축소,과열,1.71,1.17,0.31,False
2022-04-12,3.19,🟡 흐림,위험자산 10~20% 축소,과열,1.71,1.17,0.31,False
2022-04-13,3.19,🟡 흐림,위험자산 10~20% 축소,과열,1.71,1.17,0.31,False
2022-04-14,3.19,🟡 흐림,위험자산 10~20% 축소,과열,1.71,1.17,0.31,False
2022-04-15,3.19,🟡 흐림,위험자산 10~20% 축소,과열,1.71,1.17,0.31,False
2022-04-18,3.19,🟡 흐림,위험자산 10~20% 축소,과열,1.71,1.17,0.31,False
2022-04-19,3.19,🟡 흐림,위험자산 10~20% 축소,과열,1.71,1.17,0.31,False
2022-04-20,3.19,🟡 흐림,위험자산 10~20% 축소,과열,1.71,1.17,0.31,False
2022-04-21,3.19,🟡 흐림,위험자산 10~20% 축소,과열,1.71,1.17,0.31,False
2022-04-22,3.19,🟡 흐림,위험자산 10~20% 축소,과열,1.71,1.17,0.31,False
2022-04-25,3.19,🟡 흐림,위험자산 10~20% 축소,과열,1.71,1.17,0.31,False
2022-04-26,4.36,🟡 흐림,위험자산 10~20% 축소,과열,1.71,2.33,0.31,False
2022-04-27,3.78,🟡 흐림,위험자산 10~20% 축소,과열,1.71,1.75,0.31,False
2022-04-28,3.19,🟡 흐림,위험자산 10~20% 축소,과열,1.71,1.17,0.31,False
2022-04-29,4.67,🟡 흐림,위험자산 10~20% 축소,과열,1.71,2.33,0.62,False
2022-05-02,4.09,🟡 흐림,위험자산 10~20% 축소,과열,1.71,1.75,0.62,False
2022-05-03,2.92,🟢 맑음,기본 비중 유지,과열,1.71,0.58,0.62,False
2022-05-04,2.92,🟢 맑음,기본 비중 유지,과열,1.71,0.58,0.62,False
2022-05-05,3.51,🟡 흐림,위험자산 10~20% 축소,과열,1.71,1.17,0.62,False
2022-05-06,3.51,🟡 흐림,위험자산 10~20% 축소,과열,1.71,1.17,0.62,False
2022-05-09,3.51,🟡 흐림,위험자산 10~20% 축소,과열,1.71,1.17,0.62,False
2022-05-10,3.51,🟡 흐림,위험자산 10~20% 축소,과열,1.71,1.17,0.62,False
2022-05-11,3.51,🟡 흐림,위험자산 10~20% 축소,과열,1.71,1.17,0.62,False
2022-05-12,3.51,🟡 흐림,위험자산 10~20% 축소,과열,1.71,1.17,0.62,False
2022-05-13,2.92,🟢 맑음,기본 비중 유지,과열,1.71,0.58,0.62,False
2022-05-16,3.49,🟡 흐림,위험자산 10~20% 축소,둔화_주의,2.29,0.58,0.62,False
2022-05-17,3.49,🟡 흐림,위험자산 10~20% 축소,둔화_주의,2.29,0.58,0.62,False
2022-05-18,4.08,🟡 흐림,위험자산 10~20% 축소,둔화_주의,2.29,1.17,0.62,False
2022-05-19,3.49,🟡 흐림,위험자산 10~20% 축소,둔화_주의,2.29,0.58,0.62,False
2022-05-20,3.49,🟡 흐림,위험자산 10~20% 축소,둔화_주의,2.29,0.58,0.62,False
2022-05-23,2.92,🟢 맑음,기본 비중 유지,과열,1.71,0.58,0.62,False
2022-05-24,2.92,🟢 맑음,기본 비중 유지,과열,1.71,0.58,0.62,False
2022-05-25,2.92,🟢 맑음,기본 비중 유지,과열,1.71,0.58,0.62,False
2022-05-26,2.92,🟢 맑음,기본 비중 유지,과열,1.71,0.58,0.62,False
2022-05-27,2.92,🟢 맑음,기본 비중 유지,과열,1.71,0.58,0.62,False
2022-05-30,2.92,🟢 맑음,기본 비중 유지,과열,1.71,0.58,0.62,False
2022-05-31,2.92,🟢 맑음,기본 비중 유지,과열,1.71,0.58,0.62,False
2022-06-01,2.92,🟢 맑음,기본 비중 유지,과열,1.71,0.58,0.62,False
2022-06-02,2.92,🟢 맑음,기본 비중 유지,과열,1.71,0.58,0.62,False
2022-06-03,2.61,🟢 맑음,기본 비중 유지,과열,1.71,0.58,0.31,False
2022-06-06,2.61,🟢 맑음,기본 비중 유지,과열,1.71,0.58,0.31,False
2022-06-07,2.61,🟢 맑음,기본 비중 유지,과열,1.71,0.58,0.31,False
2022-06-08,2.61,🟢 맑음,기본 비중 유지,과열,1.71,0.58,0.31,False
2022-06-09,2.61,🟢 맑음,기본 비중 유지,과열,1.71,0.58,0.31,False
2022-06-10,2.61,🟢 맑음,기본 비중 유지,과열,1.71,0.58,0.31,False
2022-06-13,3.19,🟡 흐림,위험자산 10~20% 축소,과열,1.71,1.17,0.31,False
2022-06-14,3.19,🟡 흐림,위험자산 10~20% 축소,과열,1.71,1.17,0.31,False
2022-06-15,2.61,🟢 맑음,기본 비중 유지,과열,1.71,0.58,0.31,False
2022-06-16,3.19,🟡 흐림,위험자산 10~20% 축소,과열,1.71,1.17,0.31,False
2022-06-17,3.51,🟡 흐림,위험자산 10~20% 축소,과열,1.71,1.17,0.62,False
2022-06-20,3.51,🟡 흐림,위험자산 10~20% 축소,과열,1.71,1.17,0.62,False
2022-06-21,3.51,🟡 흐림,위험자산 10~20% 축소,과열,1.71,1.17,0.62,False
2022-06-22,2.92,🟢 맑음,기본 비중 유지,과열,1.71,0.58,0.62,False
2022-06-23,2.92,🟢 맑음,기본 비중 유지,과열,1.71,0.58,0.62,False
2022-06-24,2.92,🟢 맑음,기본 비중 유지,과열,1.71,0.58,0.62,False
2022-06-27,2.92,🟢 맑음,기본 비중 유지,과열,1.71,0.58,0.62,False
2022-06-28,2.92,🟢 맑음,기본 비중 유지,과열,1.71,0.58,0.62,False
2022-06-29,2.92,🟢 맑음,기본 비중 유지,과열,1.71,0.58,0.62,False
2022-06-30,2.92,🟢 맑음,기본 비중 유지,과열,1.71,0.58,0.62,False
2022-07-01,2.92,🟢 맑음,기본 비중 유지,과열,1.71,0.58,0.62,False
2022-07-04,2.92,🟢 맑음,기본 비중 유지,과열,1.71,0.58,0.62,False
2022-07-05,3.49,🟡 흐림,위험자산 10~20% 축소,과열,2.29,0.58,0.62,False
2022-07-06,3.49,🟡 흐림,위험자산 10~20% 축소,과열,2.29,0.58,0.62,False
2022-07-07,3.49,🟡 흐림,위험자산 10~20% 축소,과열,2.29,0.58,0.62,False
2022-07-08,3.49,🟡 흐림,위험자산 10~20% 축소,과열,2.29,0.58,0.62,False
2022-07-11,3.49,🟡 흐림,위험자산 10~20% 축소,과열,2.29,0.58,0.62,False
2022-07-12,3.49,🟡 흐림,위험자산 10~20% 축소,과열,2.29,0.58,0.62,False
2022-07-13,3.49,🟡 흐림,위험자산 10~20% 축소,과열,2.29,0.58,0.62,False
2022-07-14,3.49,🟡 흐림,위험자산 10~20% 축소,과열,2.29,0.58,0.62,False
2022-07-15,3.49,🟡 흐림,위험자산 10~20% 축소,과열,2.29,0.58,0.62,False
2022-07-18,3.49,🟡 흐림,위험자산 10~20% 축소,과열,2.29,0.58,0.62,False
2022-07-19,3.49,🟡 흐림,위험자산 10~20% 축소,과열,2.29,0.58,0.62,False
2022-07-20,3.49,🟡 흐림,위험자산 10~20% 축소,과열,2.29,0.58,0.62,False
2022-07-21,3.49,🟡 흐림,위험자산 10~20% 축소,과열,2.29,0.58,0.62,False
2022-07-22,3.18,🟡 흐림,위험자산 10~20% 축소,과열,2.29,0.58,0.31,False
2022-07-25,3.75,🟡 흐림,위험자산 10~20% 축소,둔화_주의,2.86,0.58,0.31,False
2022-07-26,3.75,🟡 흐림,위험자산 10~20% 축소,둔화_주의,2.86,0.58,0.31,False
2022-07-27,3.75,🟡 흐림,위험자산 10~20% 축소,둔화_주의,2.86,0.58,0.31,False
2022-07-28,3.75,🟡 흐림,위험자산 10~20% 축소,둔화_주의,2.86,0.58,0.31,False
2022-07-29,3.75,🟡 흐림,위험자산 10~20% 축소,둔화_주의,2.86,0.58,0.31,False
2022-08-01,3.75,🟡 흐림,위험자산 10~20% 축소,둔화_주의,2.86,0.58,0.31,False
2022-08-02,3.75,🟡 흐림,위험자산 10~20% 축소,둔화_주의,2.86,0.58,0.31,False
2022-08-03,3.75,🟡 흐림,위험자산 10~20% 축소,둔화_주의,2.86,0.58,0.31,False
2022-08-04,3.75,🟡 흐림,위험자산 10~20% 축소,둔화_주의,2.86,0.58,0.31,False
2022-08-05,3.75,🟡 흐림,위험자산 10~20% 축소,둔화_주의,2.86,0.58,0.31,False
2022-08-08,3.75,🟡 흐림,위험자산 10~20% 축소,둔화_주의,2.86,0.58,0.31,False
2022-08-09,3.75,🟡 흐림,위험자산 10~20% 축소,둔화_주의,2.86,0.58,0.31,False
2022-08-10,3.17,🟡 흐림,위험자산 10~20% 축소,둔화_주의,2.86,0.0,0.31,False
2022-08-11,3.75,🟡 흐림,위험자산 10~20% 축소,둔화_주의,2.86,0.58,0.31,False
2022-08-12,3.17,🟡 흐림,위험자산 10~20% 축소,둔화_주의,2.86,0.0,0.31,False
2022-08-15,3.17,🟡 흐림,위험자산 10~20% 축소,둔화_주의,2.86,0.0,0.31,False
2022-08-16,3.17,🟡 흐림,위험자산 10~20% 축소,둔화_주의,2.86,0.0,0.31,False
2022-08-17,3.17,🟡 흐림,위험자산 10~20% 축소,둔화_주의,2.86,0.0,0.31,False
2022-08-18,3.17,🟡 흐림,위험자산 10~20% 축소,둔화_주의,2.86,0.0,0.31,False
2022-08-19,3.75,🟡 흐림,위험자산 10~20% 축소,둔화_주의,2.86,0.58,0.31,False
2022-08-22,3.18,🟡 흐림,위험자산 10~20% 축소,과열,2.29,0.58,0.31,False
2022-08-23,3.18,🟡 흐림,위험자산 10~20% 축소,과열,2.29,0.58,0.31,False
2022-08-24,3.18,🟡 흐림,위험자산 10~20% 축소,과열,2.29,0.58,0.31,False
2022-08-25,3.18,🟡 흐림,위험자산 10~20% 축소,과열,2.29,0.58,0.31,False
2022-08-26,3.18,🟡 흐림,위험자산 10~20% 축소,과열,2.29,0.58,0.31,False
2022-08-29,3.18,🟡 흐림,위험자산 10~20% 축소,과열,2.29,0.58,0.31,False
2022-08-30,3.18,🟡 흐림,위험자산 10~20% 축소,과열,2.29,0.58,0.31,False
2022-08-31,3.18,🟡 흐림,위험자산 10~20% 축소,과열,2.29,0.58,0.31,False
2022-09-01,3.18,🟡 흐림,위험자산 10~20% 축소,과열,2.29,0.58,0.31,False
2022-09-02,3.18,🟡 흐림,위험자산 10~20% 축소,과열,2.29,0.58,0.31,False
2022-09-05,3.18,🟡 흐림,위험자산 10~20% 축소,과열,2.29,0.58,0.31,False
2022-09-06,3.18,🟡 흐림,위험자산 10~20% 축소,과열,2.29,0.58,0.31,False
2022-09-07,3.18,🟡 흐림,위험자산 10~20% 축소,과열,2.29,0.58,0.31,False
2022-09-08,3.18,🟡 흐림,위험자산 10~20% 축소,과열,2.29,0.58,0.31,False
2022-09-09,3.18,🟡 흐림,위험자산 10~20% 축소,과열,2.29,0.58,0.31,False
2022-09-12,3.18,🟡 흐림,위험자산 10~20% 축소,과열,2.29,0.58,0.31,False
2022-09-13,3.18,🟡 흐림,위험자산 10~20% 축소,과열,2.29,0.58,0.31,False
2022-09-14,3.18,🟡 흐림,위험자산 10~20% 축소,과열,2.29,0.58,0.31,False
2022-09-15,3.18,🟡 흐림,위험자산 10~20% 축소,과열,2.29,0.58,0.31,False
2022-09-16,3.18,🟡 흐림,위험자산 10~20% 축소,과열,2.29,0.58,0.31,False
2022-09-19,3.18,🟡 흐림,위험자산 10~20% 축소,과열,2.29,0.58,0.31,False
2022-09-20,3.18,🟡 흐림,위험자산 10~20% 축소,과열,2.29,0.58,0.31,False
2022-09-21,3.75,🟡 흐림,위험자산 10~20% 축소,과열,2.86,0.58,0.31,False
2022-09-22,3.18,🟡 흐림,위험자산 10~20% 축소,과열,2.29,0.58,0.31,False
2022-09-23,4.07,🟡 흐림,위험자산 10~20% 축소,과열,2.86,0.58,0.62,False
2022-09-26,4.66,🟡 흐림,위험자산 10~20% 축소,과열,2.29,1.75,0.62,False
2022-09-27,4.66,🟡 흐림,위험자산 10~20% 축소,과열,2.29,1.75,0.62,False
2022-09-28,4.08,🟡 흐림,위험자산 10~20% 축소,과열,2.29,1.17,0.62,False
2022-09-29,3.59,🟡 흐림,위험자산 10~20% 축소,골디락스,1.71,1.75,0.62,False
2022-09-30,3.01,🟡 흐림,위험자산 10~20% 축소,골디락스,1.71,1.17,0.62,False
2022-10-03,3.01,🟡 흐림,위험자산 10~20% 축소,골디락스,1.71,1.17,0.62,False
2022-10-04,2.42,🟢 맑음,기본 비중 유지,골디락스,1.71,0.58,0.62,False
2022-10-05,2.42,🟢 맑음,기본 비중 유지,골디락스,1.71,0.58,0.62,False
2022-10-06,3.01,🟡 흐림,위험자산 10~20% 축소,골디락스,1.71,1.17,0.62,False
2022-10-07,4.08,🟡 흐림,위험자산 10~20% 축소,과열,2.29,1.17,0.62,False
2022-10-10,4.08,🟡 흐림,위험자산 10~20% 축소,과열,2.29,1.17,0.62,False
2022-10-11,4.66,🟡 흐림,위험자산 10~20% 축소,과열,2.29,1.75,0.62,False
2022-10-12,4.66,🟡 흐림,위험자산 10~20% 축소,과열,2.29,1.75,0.62,False
2022-10-13,4.66,🟡 흐림,위험자산 10~20% 축소,과열,2.29,1.75,0.62,False
2022-10-14,4.08,🟡 흐림,위험자산 10~20% 축소,과열,2.29,1.17,0.62,False
2022-10-17,4.08,🟡 흐림,위험자산 10~20% 축소,과열,2.29,1.17,0.62,False
2022-10-18,4.08,🟡 흐림,위험자산 10~20% 축소,과열,2.29,1.17,0.62,False
2022-10-19,4.08,🟡 흐림,위험자산 10~20% 축소,과열,2.29,1.17,0.62,False
2022-10-20,3.49,🟡 흐림,위험자산 10~20% 축소,과열,2.29,0.58,0.62,False
2022-10-21,3.18,🟡 흐림,위험자산 10~20% 축소,과열,2.29,0.58,0.31,False
2022-10-24,3.18,🟡 흐림,위험자산 10~20% 축소,과열,2.29,0.58,0.31,False
2022-10-25,3.18,🟡 흐림,위험자산 10~20% 축소,과열,2.29,0.58,0.31,False
2022-10-26,3.18,🟡 흐림,위험자산 10~20% 축소,과열,2.29,0.58,0.31,False
2022-10-27,3.18,🟡 흐림,위험자산 10~20% 축소,과열,2.29,0.58,0.31,False
2022-10-28,3.18,🟡 흐림,위험자산 10~20% 축소,과열,2.29,0.58,0.31,False
2022-10-31,3.18,🟡 흐림,위험자산 10~20% 축소,과열,2.29,0.58,0.31,False
2022-11-01,3.18,🟡 흐림,위험자산 10~20% 축소,과열,2.29,0.58,0.31,False
2022-11-02,3.75,🟡 흐림,위험자산 10~20% 축소,과열,2.86,0.58,0.31,False
2022-11-03,3.75,🟡 흐림,위험자산 10~20% 축소,과열,2.86,0.58,0.31,False
2022-11-04,3.18,🟡 흐림,위험자산 10~20% 축소,과열,2.29,0.58,0.31,False
2022-11-07,3.18,🟡 흐림,위험자산 10~20% 축소,과열,2.29,0.58,0.31,False
2022-11-08,3.75,🟡 흐림,위험자산 10~20% 축소,과열,2.86,0.58,0.31,False
2022-11-09,3.18,🟡 흐림,위험자산 10~20% 축소,과열,2.29,0.58,0.31,False
2022-11-10,3.75,🟡 흐림,위험자산 10~20% 축소,과열,2.86,0.58,0.31,False
2022-11-11,3.75,🟡 흐림,위험자산 10~20% 축소,과열,2.86,0.58,0.31,False
2022-11-14,3.75,🟡 흐림,위험자산 10~20% 축소,과열,2.86,0.58,0.31,False
2022-11-15,3.75,🟡 흐림,위험자산 10~20% 축소,과열,2.86,0.58,0.31,False
2022-11-16,3.75,🟡 흐림,위험자산 10~20% 축소,과열,2.86,0.58,0.31,False
2022-11-17,3.75,🟡 흐림,위험자산 10~20% 축소,과열,2.86,0.58,0.31,False
2022-11-18,2.68,🟢 맑음,기본 비중 유지,골디락스,2.29,0.58,0.31,False
2022-11-21,4.32,🟡 흐림,위험자산 10~20% 축소,둔화_주의,3.43,0.58,0.31,False
2022-11-22,4.32,🟡 흐림,위험자산 10~20% 축소,둔화_주의,3.43,0.58,0.31,False
2022-11-23,4.32,🟡 흐림,위험자산 10~20% 축소,둔화_주의,3.43,0.58,0.31,False
2022-11-24,4.32,🟡 흐림,위험자산 10~20% 축소,둔화_주의,3.43,0.58,0.31,False
2022-11-25,4.32,🟡 흐림,위험자산 10~20% 축소,둔화_주의,3.43,0.58,0.31,False
2022-11-28,2.68,🟢 맑음,기본 비중 유지,골디락스,2.29,0.58,0.31,False
2022-11-29,2.68,🟢 맑음,기본 비중 유지,골디락스,2.29,0.58,0.31,False
2022-11-30,3.75,🟡 흐림,위험자산 10~20% 축소,과열,2.86,0.58,0.31,False
2022-12-01,3.17,🟡 흐림,위험자산 10~20% 축소,과열,2.86,0.0,0.31,False
2022-12-02,3.17,🟡 흐림,위험자산 10~20% 축소,과열,2.86,0.0,0.31,False
2022-12-05,3.75,🟡 흐림,위험자산 10~20% 축소,과열,2.86,0.58,0.31,False
2022-12-06,3.75,🟡 흐림,위험자산 10~20% 축소,과열,2.86,0.58,0.31,False
2022-12-07,3.75,🟡 흐림,위험자산 10~20% 축소,과열,2.86,0.58,0.31,False
2022-12-08,3.75,🟡 흐림,위험자산 10~20% 축소,과열,2.86,0.58,0.31,False
2022-12-09,2.99,🟢 맑음,기본 비중 유지,골디락스,2.29,0.58,0.62,False
2022-12-12,4.07,🟡 흐림,위험자산 10~20% 축소,과열,2.86,0.58,0.62,False
2022-12-13,4.07,🟡 흐림,위험자산 10~20% 축소,과열,2.86,0.58,0.62,False
2022-12-14,2.99,🟢 맑음,기본 비중 유지,골디락스,2.29,0.58,0.62,False
2022-12-15,2.99,🟢 맑음,기본 비중 유지,골디락스,2.29,0.58,0.62,False
2022-12-16,2.99,🟢 맑음,기본 비중 유지,골디락스,2.29,0.58,0.62,False
2022-12-19,2.99,🟢 맑음,기본 비중 유지,골디락스,2.29,0.58,0.62,False
2022-12-20,2.99,🟢 맑음,기본 비중 유지,골디락스,2.29,0.58,0.62,False
2022-12-21,4.07,🟡 흐림,위험자산 10~20% 축소,과열,2.86,0.58,0.62,False
2022-12-22,2.99,🟢 맑음,기본 비중 유지,골디락스,2.29,0.58,0.62,False
2022-12-23,2.99,🟢 맑음,기본 비중 유지,골디락스,2.29,0.58,0.62,False
2022-12-26,2.99,🟢 맑음,기본 비중 유지,골디락스,2.29,0.58,0.62,False
2022-12-27,3.49,🟡 흐림,위험자산 10~20% 축소,과열,2.29,0.58,0.62,False
2022-12-28,3.49,🟡 흐림,위험자산 10~20% 축소,과열,2.29,0.58,0.62,False
2022-12-29,4.07,🟡 흐림,위험자산 10~20% 축소,과열,2.86,0.58,0.62,False
2022-12-30,3.75,🟡 흐림,위험자산 10~20% 축소,과열,2.86,0.58,0.31,False
2023-01-02,3.75,🟡 흐림,위험자산 10~20% 축소,과열,2.86,0.58,0.31,False
2023-01-03,2.68,🟢 맑음,기본 비중 유지,골디락스,2.29,0.58,0.31,False
2023-01-04,2.68,🟢 맑음,기본 비중 유지,골디락스,2.29,0.58,0.31,False
2023-01-05,2.68,🟢 맑음,기본 비중 유지,골디락스,2.29,0.58,0.31,False
2023-01-06,2.68,🟢 맑음,기본 비중 유지,골디락스,2.29,0.58,0.31,False
2023-01-09,2.68,🟢 맑음,기본 비중 유지,골디락스,2.29,0.58,0.31,False
2023-01-10,2.68,🟢 맑음,기본 비중 유지,골디락스,2.29,0.58,0.31,False
2023-01-11,2.68,🟢 맑음,기본 비중 유지,골디락스,2.29,0.58,0.31,False
2023-01-12,2.1,🟢 맑음,기본 비중 유지,골디락스,2.29,0.0,0.31,False
2023-01-13,2.1,🟢 맑음,기본 비중 유지,골디락스,2.29,0.0,0.31,False
2023-01-16,2.1,🟢 맑음,기본 비중 유지,골디락스,2.29,0.0,0.31,False
2023-01-17,2.1,🟢 맑음,기본 비중 유지,골디락스,2.29,0.0,0.31,False
2023-01-18,2.68,🟢 맑음,기본 비중 유지,골디락스,2.29,0.58,0.31,False
2023-01-19,2.68,🟢 맑음,기본 비중 유지,골디락스,2.29,0.58,0.31,False
2023-01-20,2.1,🟢 맑음,기본 비중 유지,골디락스,2.29,0.0,0.31,False
2023-01-23,2.1,🟢 맑음,기본 비중 유지,골디락스,2.29,0.0,0.31,False
2023-01-24,2.1,🟢 맑음,기본 비중 유지,골디락스,2.29,0.0,0.31,False
2023-01-25,2.1,🟢 맑음,기본 비중 유지,골디락스,2.29,0.0,0.31,False
2023-01-26,3.17,🟡 흐림,위험자산 10~20% 축소,과열,2.86,0.0,0.31,False
2023-01-27,3.17,🟡 흐림,위험자산 10~20% 축소,과열,2.86,0.0,0.31,False
2023-01-30,2.1,🟢 맑음,기본 비중 유지,골디락스,2.29,0.0,0.31,False
2023-01-31,2.1,🟢 맑음,기본 비중 유지,골디락스,2.29,0.0,0.31,False
2023-02-01,2.1,🟢 맑음,기본 비중 유지,골디락스,2.29,0.0,0.31,False
2023-02-02,2.1,🟢 맑음,기본 비중 유지,골디락스,2.29,0.0,0.31,False
2023-02-03,2.1,🟢 맑음,기본 비중 유지,골디락스,2.29,0.0,0.31,False
2023-02-06,3.17,🟡 흐림,위험자산 10~20% 축소,과열,2.86,0.0,0.31,False
2023-02-07,3.17,🟡 흐림,위험자산 10~20% 축소,과열,2.86,0.0,0.31,False
2023-02-08,3.17,🟡 흐림,위험자산 10~20% 축소,과열,2.86,0.0,0.31,False
2023-02-09,3.75,🟡 흐림,위험자산 10~20% 축소,과열,2.86,0.58,0.31,False
2023-02-10,3.75,🟡 흐림,위험자산 10~20% 축소,과열,2.86,0.58,0.31,False
2023-02-13,4.32,🟡 흐림,위험자산 10~20% 축소,둔화_주의,3.43,0.58,0.31,False
2023-02-14,3.74,🟡 흐림,위험자산 10~20% 축소,둔화_주의,3.43,0.0,0.31,False
2023-02-15,3.74,🟡 흐림,위험자산 10~20% 축소,둔화_주의,3.43,0.0,0.31,False
2023-02-16,4.32,🟡 흐림,위험자산 10~20% 축소,둔화_주의,3.43,0.58,0.31,False
2023-02-17,4.32,🟡 흐림,위험자산 10~20% 축소,둔화_주의,3.43,0.58,0.31,False
2023-02-20,3.75,🟡 흐림,위험자산 10~20% 축소,과열,2.86,0.58,0.31,False
2023-02-21,3.75,🟡 흐림,위험자산 10~20% 축소,과열,2.86,0.58,0.31,False
2023-02-22,3.75,🟡 흐림,위험자산 10~20% 축소,과열,2.86,0.58,0.31,False
2023-02-23,3.75,🟡 흐림,위험자산 10~20% 축소,과열,2.86,0.58,0.31,False
2023-02-24,3.75,🟡 흐림,위험자산 10~20% 축소,과열,2.86,0.58,0.31,False
2023-02-27,3.75,🟡 흐림,위험자산 10~20% 축소,과열,2.86,0.58,0.31,False
2023-02-28,3.75,🟡 흐림,위험자산 10~20% 축소,과열,2.86,0.58,0.31,False
2023-03-01,3.75,🟡 흐림,위험자산 10~20% 축소,과열,2.86,0.58,0.31,False
2023-03-02,3.17,🟡 흐림,위험자산 10~20% 축소,과열,2.86,0.0,0.31,False
2023-03-03,3.17,🟡 흐림,위험자산 10~20% 축소,과열,2.86,0.0,0.31,False
2023-03-06,3.74,🟡 흐림,위험자산 10~20% 축소,둔화_주의,3.43,0.0,0.31,False
2023-03-07,3.74,🟡 흐림,위험자산 10~20% 축소,둔화_주의,3.43,0.0,0.31,False
2023-03-08,3.74,🟡 흐림,위험자산 10~20% 축소,둔화_주의,3.43,0.0,0.31,False
2023-03-09,4.32,🟡 흐림,위험자산 10~20% 축소,둔화_주의,3.43,0.58,0.31,False
2023-03-10,4.91,🟡 흐림,위험자산 10~20% 축소,둔화_주의,3.43,1.17,0.31,False
2023-03-13,4.34,🟡 흐림,위험자산 10~20% 축소,둔화_주의,2.86,1.17,0.31,False
2023-03-14,4.91,🟡 흐림,위험자산 10~20% 축소,둔화_주의,3.43,1.17,0.31,False
2023-03-15,4.34,🟡 흐림,위험자산 10~20% 축소,둔화_주의,2.86,1.17,0.31,False
2023-03-16,4.91,🟡 흐림,위험자산 10~20% 축소,둔화_주의,3.43,1.17,0.31,False
2023-03-17,4.96,🟡 흐림,위험자산 10~20% 축소,둔화_주의,2.86,1.17,0.94,False
2023-03-20,4.38,🟡 흐림,위험자산 10~20% 축소,둔화_주의,2.86,0.58,0.94,False
2023-03-21,4.95,🟡 흐림,위험자산 10~20% 축소,둔화_주의,3.43,0.58,0.94,False
2023-03-22,4.38,🟡 흐림,위험자산 10~20% 축소,둔화_주의,2.86,0.58,0.94,False
2023-03-23,4.38,🟡 흐림,위험자산 10~20% 축소,둔화_주의,2.86,0.58,0.94,False
2023-03-24,4.07,🟡 흐림,위험자산 10~20% 축소,둔화_주의,2.86,0.58,0.62,False
2023-03-27,4.07,🟡 흐림,위험자산 10~20% 축소,둔화_주의,2.86,0.58,0.62,False
2023-03-28,3.48,🟡 흐림,위험자산 10~20% 축소,둔화_주의,2.86,0.0,0.62,False
2023-03-29,4.05,🟡 흐림,위험자산 10~20% 축소,둔화_주의,3.43,0.0,0.62,False
2023-03-30,4.05,🟡 흐림,위험자산 10~20% 축소,둔화_주의,3.43,0.0,0.62,False
2023-03-31,3.74,🟡 흐림,위험자산 10~20% 축소,둔화_주의,3.43,0.0,0.31,False
2023-04-03,3.17,🟡 흐림,위험자산 10~20% 축소,과열,2.86,0.0,0.31,False
2023-04-04,2.6,🟢 맑음,기본 비중 유지,과열,2.29,0.0,0.31,False
2023-04-05,1.53,🟢 맑음,기본 비중 유지,골디락스,1.71,0.0,0.31,False
2023-04-06,3.17,🟡 흐림,위험자산 10~20% 축소,과열,2.86,0.0,0.31,False
2023-04-07,3.17,🟡 흐림,위험자산 10~20% 축소,과열,2.86,0.0,0.31,False
2023-04-10,3.74,🟡 흐림,위험자산 10~20% 축소,둔화_주의,3.43,0.0,0.31,False
2023-04-11,3.74,🟡 흐림,위험자산 10~20% 축소,둔화_주의,3.43,0.0,0.31,False
2023-04-12,4.32,🟡 흐림,위험자산 10~20% 축소,둔화_주의,3.43,0.58,0.31,False
2023-04-13,4.32,🟡 흐림,위험자산 10~20% 축소,둔화_주의,3.43,0.58,0.31,False
2023-04-14,4.32,🟡 흐림,위험자산 10~20% 축소,둔화_주의,3.43,0.58,0.31,False
2023-04-17,4.32,🟡 흐림,위험자산 10~20% 축소,둔화_주의,3.43,0.58,0.31,False
2023-04-18,4.32,🟡 흐림,위험자산 10~20% 축소,둔화_주의,3.43,0.58,0.31,False
2023-04-19,4.32,🟡 흐림,위험자산 10~20% 축소,둔화_주의,3.43,0.58,0.31,False
2023-04-20,4.32,🟡 흐림,위험자산 10~20% 축소,둔화_주의,3.43,0.58,0.31,False
2023-04-21,4.32,🟡 흐림,위험자산 10~20% 축소,둔화_주의,3.43,0.58,0.31,False
2023-04-24,3.75,🟡 흐림,위험자산 10~20% 축소,과열,2.86,0.58,0.31,False
2023-04-25,2.11,🟢 맑음,기본 비중 유지,골디락스,1.71,0.58,0.31,False
2023-04-26,2.11,🟢 맑음,기본 비중 유지,골디락스,1.71,0.58,0.31,False
2023-04-27,2.68,🟢 맑음,기본 비중 유지,골디락스,2.29,0.58,0.31,False
2023-04-28,2.68,🟢 맑음,기본 비중 유지,골디락스,2.29,0.58,0.31,False
2023-05-01,2.68,🟢 맑음,기본 비중 유지,골디락스,2.29,0.58,0.31,False
2023-05-02,2.68,🟢 맑음,기본 비중 유지,골디락스,2.29,0.58,0.31,False
2023-05-03,2.68,🟢 맑음,기본 비중 유지,골디락스,2.29,0.58,0.31,False
2023-05-04,2.69,🟢 맑음,기본 비중 유지,골디락스,1.71,1.17,0.31,False
2023-05-05,2.11,🟢 맑음,기본 비중 유지,골디락스,1.71,0.58,0.31,False
2023-05-08,3.75,🟡 흐림,위험자산 10~20% 축소,둔화_주의,2.86,0.58,0.31,False
2023-05-09,3.75,🟡 흐림,위험자산 10~20% 축소,둔화_주의,2.86,0.58,0.31,False
2023-05-10,3.75,🟡 흐림,위험자산 10~20% 축소,둔화_주의,2.86,0.58,0.31,False
2023-05-11,3.75,🟡 흐림,위험자산 10~20% 축소,둔화_주의,2.86,0.58,0.31,False
2023-05-12,4.91,🟡 흐림,위험자산 10~20% 축소,둔화_주의,3.43,1.17,0.31,False
2023-05-15,3.75,🟡 흐림,위험자산 10~20% 축소,둔화_주의,2.86,0.58,0.31,False
2023-05-16,4.32,🟡 흐림,위험자산 10~20% 축소,둔화_주의,3.43,0.58,0.31,False
2023-05-17,4.32,🟡 흐림,위험자산 10~20% 축소,둔화_주의,3.43,0.58,0.31,False
2023-05-18,4.32,🟡 흐림,위험자산 10~20% 축소,둔화_주의,3.43,0.58,0.31,False
2023-05-19,4.32,🟡 흐림,위험자산 10~20% 축소,둔화_주의,3.43,0.58,0.31,False
2023-05-22,4.32,🟡 흐림,위험자산 10~20% 축소,둔화_주의,3.43,0.58,0.31,False
2023-05-23,4.32,🟡 흐림,위험자산 10~20% 축소,둔화_주의,3.43,0.58,0.31,False
2023-05-24,4.91,🟡 흐림,위험자산 10~20% 축소,둔화_주의,3.43,1.17,0.31,False
2023-05-25,4.91,🟡 흐림,위험자산 10~20% 축소,둔화_주의,3.43,1.17,0.31,False
2023-05-26,4.91,🟡 흐림,위험자산 10~20% 축소,둔화_주의,3.43,1.17,0.31,False
2023-05-29,4.91,🟡 흐림,위험자산 10~20% 축소,둔화_주의,3.43,1.17,0.31,False
2023-05-30,4.91,🟡 흐림,위험자산 10~20% 축소,둔화_주의,3.43,1.17,0.31,False
2023-05-31,4.91,🟡 흐림,위험자산 10~20% 축소,둔화_주의,3.43,1.17,0.31,False
2023-06-01,4.34,🟡 흐림,위험자산 10~20% 축소,둔화_주의,2.86,1.17,0.31,False
2023-06-02,4.34,🟡 흐림,위험자산 10~20% 축소,둔화_주의,2.86,1.17,0.31,False
2023-06-05,4.34,🟡 흐림,위험자산 10~20% 축소,둔화_주의,2.86,1.17,0.31,False
2023-06-06,4.34,🟡 흐림,위험자산 10~20% 축소,둔화_주의,2.86,1.17,0.31,False
2023-06-07,4.34,🟡 흐림,위험자산 10~20% 축소,둔화_주의,2.86,1.17,0.31,False
2023-06-08,4.34,🟡 흐림,위험자산 10~20% 축소,둔화_주의,2.86,1.17,0.31,False
2023-06-09,4.34,🟡 흐림,위험자산 10~20% 축소,둔화_주의,2.86,1.17,0.31,False
2023-06-12,4.34,🟡 흐림,위험자산 10~20% 축소,둔화_주의,2.86,1.17,0.31,False
2023-06-13,4.34,🟡 흐림,위험자산 10~20% 축소,둔화_주의,2.86,1.17,0.31,False
2023-06-14,4.34,🟡 흐림,위험자산 10~20% 축소,둔화_주의,2.86,1.17,0.31,False
2023-06-15,4.34,🟡 흐림,위험자산 10~20% 축소,둔화_주의,2.86,1.17,0.31,False
2023-06-16,4.34,🟡 흐림,위험자산 10~20% 축소,둔화_주의,2.86,1.17,0.31,False
2023-06-19,4.34,🟡 흐림,위험자산 10~20% 축소,둔화_주의,2.86,1.17,0.31,False
2023-06-20,3.75,🟡 흐림,위험자산 10~20% 축소,둔화_주의,2.86,0.58,0.31,False
2023-06-21,3.75,🟡 흐림,위험자산 10~20% 축소,둔화_주의,2.86,0.58,0.31,False
2023-06-22,3.75,🟡 흐림,위험자산 10~20% 축소,둔화_주의,2.86,0.58,0.31,False
2023-06-23,3.75,🟡 흐림,위험자산 10~20% 축소,둔화_주의,2.86,0.58,0.31,False
2023-06-26,4.34,🟡 흐림,위험자산 10~20% 축소,둔화_주의,2.86,1.17,0.31,False
2023-06-27,4.34,🟡 흐림,위험자산 10~20% 축소,둔화_주의,2.86,1.17,0.31,False
2023-06-28,3.75,🟡 흐림,위험자산 10~20% 축소,둔화_주의,2.86,0.58,0.31,False
2023-06-29,4.34,🟡 흐림,위험자산 10~20% 축소,둔화_주의,2.86,1.17,0.31,False
2023-06-30,4.34,🟡 흐림,위험자산 10~20% 축소,둔화_주의,2.86,1.17,0.31,False
2023-07-03,4.34,🟡 흐림,위험자산 10~20% 축소,둔화_주의,2.86,1.17,0.31,False
2023-07-04,4.34,🟡 흐림,위험자산 10~20% 축소,둔화_주의,2.86,1.17,0.31,False
2023-07-05,4.34,🟡 흐림,위험자산 10~20% 축소,둔화_주의,2.86,1.17,0.31,False
2023-07-06,4.34,🟡 흐림,위험자산 10~20% 축소,둔화_주의,2.86,1.17,0.31,False
2023-07-07,4.34,🟡 흐림,위험자산 10~20% 축소,둔화_주의,2.86,1.17,0.31,False
2023-07-10,4.34,🟡 흐림,위험자산 10~20% 축소,둔화_주의,2.86,1.17,0.31,False
2023-07-11,4.34,🟡 흐림,위험자산 10~20% 축소,둔화_주의,2.86,1.17,0.31,False
2023-07-12,4.34,🟡 흐림,위험자산 10~20% 축소,둔화_주의,2.86,1.17,0.31,False
2023-07-13,4.34,🟡 흐림,위험자산 10~20% 축소,둔화_주의,2.86,1.17,0.31,False
2023-07-14,4.34,🟡 흐림,위험자산 10~20% 축소,둔화_주의,2.86,1.17,0.31,False
2023-07-17,4.34,🟡 흐림,위험자산 10~20% 축소,둔화_주의,2.86,1.17,0.31,False
2023-07-18,4.34,🟡 흐림,위험자산 10~20% 축소,둔화_주의,2.86,1.17,0.31,False
2023-07-19,4.34,🟡 흐림,위험자산 10~20% 축소,둔화_주의,2.86,1.17,0.31,False
2023-07-20,4.34,🟡 흐림,위험자산 10~20% 축소,둔화_주의,2.86,1.17,0.31,False
2023-07-21,4.34,🟡 흐림,위험자산 10~20% 축소,둔화_주의,2.86,1.17,0.31,False
2023-07-24,4.34,🟡 흐림,위험자산 10~20% 축소,둔화_주의,2.86,1.17,0.31,False
2023-07-25,4.34,🟡 흐림,위험자산 10~20% 축소,둔화_주의,2.86,1.17,0.31,False
2023-07-26,4.34,🟡 흐림,위험자산 10~20% 축소,둔화_주의,2.86,1.17,0.31,False
2023-07-27,4.34,🟡 흐림,위험자산 10~20% 축소,둔화_주의,2.86,1.17,0.31,False
2023-07-28,4.34,🟡 흐림,위험자산 10~20% 축소,둔화_주의,2.86,1.17,0.31,False
2023-07-31,4.34,🟡 흐림,위험자산 10~20% 축소,둔화_주의,2.86,1.17,0.31,False
2023-08-01,4.34,🟡 흐림,위험자산 10~20% 축소,둔화_주의,2.86,1.17,0.31,False
2023-08-02,4.34,🟡 흐림,위험자산 10~20% 축소,둔화_주의,2.86,1.17,0.31,False
2023-08-03,4.34,🟡 흐림,위험자산 10~20% 축소,둔화_주의,2.86,1.17,0.31,False
2023-08-04,4.34,🟡 흐림,위험자산 10~20% 축소,둔화_주의,2.86,1.17,0.31,False
2023-08-07,4.34,🟡 흐림,위험자산 10~20% 축소,둔화_주의,2.86,1.17,0.31,False
2023-08-08,4.34,🟡 흐림,위험자산 10~20% 축소,둔화_주의,2.86,1.17,0.31,False
2023-08-09,3.75,🟡 흐림,위험자산 10~20% 축소,둔화_주의,2.86,0.58,0.31,False
2023-08-10,3.75,🟡 흐림,위험자산 10~20% 축소,둔화_주의,2.86,0.58,0.31,False
2023-08-11,3.75,🟡 흐림,위험자산 10~20% 축소,둔화_주의,2.86,0.58,0.31,False
2023-08-14,3.75,🟡 흐림,위험자산 10~20% 축소,둔화_주의,2.86,0.58,0.31,False
2023-08-15,3.75,🟡 흐림,위험자산 10~20% 축소,둔화_주의,2.86,0.58,0.31,False
2023-08-16,3.75,🟡 흐림,위험자산 10~20% 축소,둔화_주의,2.86,0.58,0.31,False
2023-08-17,3.75,🟡 흐림,위험자산 10~20% 축소,둔화_주의,2.86,0.58,0.31,False
2023-08-18,3.75,🟡 흐림,위험자산 10~20% 축소,둔화_주의,2.86,0.58,0.31,False
2023-08-21,3.75,🟡 흐림,위험자산 10~20% 축소,둔화_주의,2.86,0.58,0.31,False
2023-08-22,3.75,🟡 흐림,위험자산 10~20% 축소,둔화_주의,2.86,0.58,0.31,False
2023-08-23,3.75,🟡 흐림,위험자산 10~20% 축소,둔화_주의,2.86,0.58,0.31,False
2023-08-24,3.75,🟡 흐림,위험자산 10~20% 축소,둔화_주의,2.86,0.58,0.31,False
2023-08-25,3.75,🟡 흐림,위험자산 10~20% 축소,둔화_주의,2.86,0.58,0.31,False
2023-08-28,3.75,🟡 흐림,위험자산 10~20% 축소,둔화_주의,2.86,0.58,0.31,False
2023-08-29,3.75,🟡 흐림,위험자산 10~20% 축소,둔화_주의,2.86,0.58,0.31,False
2023-08-30,4.34,🟡 흐림,위험자산 10~20% 축소,둔화_주의,2.86,1.17,0.31,False
2023-08-31,4.34,🟡 흐림,위험자산 10~20% 축소,둔화_주의,2.86,1.17,0.31,False
2023-09-01,4.34,🟡 흐림,위험자산 10~20% 축소,둔화_주의,2.86,1.17,0.31,False
2023-09-04,4.34,🟡 흐림,위험자산 10~20% 축소,둔화_주의,2.86,1.17,0.31,False
2023-09-05,3.75,🟡 흐림,위험자산 10~20% 축소,둔화_주의,2.86,0.58,0.31,False
2023-09-06,3.75,🟡 흐림,위험자산 10~20% 축소,둔화_주의,2.86,0.58,0.31,False
2023-09-07,3.75,🟡 흐림,위험자산 10~20% 축소,둔화_주의,2.86,0.58,0.31,False
2023-09-08,3.75,🟡 흐림,위험자산 10~20% 축소,둔화_주의,2.86,0.58,0.31,False
2023-09-11,3.75,🟡 흐림,위험자산 10~20% 축소,둔화_주의,2.86,0.58,0.31,False
2023-09-12,3.75,🟡 흐림,위험자산 10~20% 축소,둔화_주의,2.86,0.58,0.31,False
2023-09-13,3.75,🟡 흐림,위험자산 10~20% 축소,둔화_주의,2.86,0.58,0.31,False
2023-09-14,4.34,🟡 흐림,위험자산 10~20% 축소,둔화_주의,2.86,1.17,0.31,False
2023-09-15,4.34,🟡 흐림,위험자산 10~20% 축소,둔화_주의,2.86,1.17,0.31,False
2023-09-18,2.11,🟢 맑음,기본 비중 유지,골디락스,1.71,0.58,0.31,False
2023-09-19,2.11,🟢 맑음,기본 비중 유지,골디락스,1.71,0.58,0.31,False
2023-09-20,2.11,🟢 맑음,기본 비중 유지,골디락스,1.71,0.58,0.31,False
2023-09-21,2.11,🟢 맑음,기본 비중 유지,골디락스,1.71,0.58,0.31,False
2023-09-22,2.11,🟢 맑음,기본 비중 유지,골디락스,1.71,0.58,0.31,False
2023-09-25,2.11,🟢 맑음,기본 비중 유지,골디락스,1.71,0.58,0.31,False
2023-09-26,1.54,🟢 맑음,기본 비중 유지,골디락스,1.14,0.58,0.31,False
2023-09-27,1.54,🟢 맑음,기본 비중 유지,골디락스,1.14,0.58,0.31,False
2023-09-28,1.54,🟢 맑음,기본 비중 유지,골디락스,1.14,0.58,0.31,False
2023-09-29,1.54,🟢 맑음,기본 비중 유지,골디락스,1.14,0.58,0.31,False
2023-10-02,1.85,🟢 맑음,기본 비중 유지,골디락스,1.14,0.58,0.62,False
2023-10-03,1.27,🟢 맑음,기본 비중 유지,골디락스,1.14,0.0,0.62,False
2023-10-04,1.85,🟢 맑음,기본 비중 유지,골디락스,1.14,0.58,0.62,False
2023-10-05,1.27,🟢 맑음,기본 비중 유지,골디락스,1.14,0.0,0.62,False
2023-10-06,1.27,🟢 맑음,기본 비중 유지,골디락스,1.14,0.0,0.62,False
2023-10-09,1.85,🟢 맑음,기본 비중 유지,골디락스,1.14,0.58,0.62,False
2023-10-10,1.85,🟢 맑음,기본 비중 유지,골디락스,1.14,0.58,0.62,False
2023-10-11,1.85,🟢 맑음,기본 비중 유지,골디락스,1.14,0.58,0.62,False
2023-10-12,1.85,🟢 맑음,기본 비중 유지,골디락스,1.14,0.58,0.62,False
2023-10-13,2.43,🟢 맑음,기본 비중 유지,골디락스,1.14,1.17,0.62,False
2023-10-16,1.85,🟢 맑음,기본 비중 유지,골디락스,1.14,0.58,0.62,False
2023-10-17,2.92,🟢 맑음,기본 비중 유지,과열,1.71,0.58,0.62,False
2023-10-18,2.92,🟢 맑음,기본 비중 유지,과열,1.71,0.58,0.62,False
2023-10-19,3.51,🟡 흐림,위험자산 10~20% 축소,과열,1.71,1.17,0.62,False
2023-10-20,3.51,🟡 흐림,위험자산 10~20% 축소,과열,1.71,1.17,0.62,False
2023-10-23,3.51,🟡 흐림,위험자산 10~20% 축소,과열,1.71,1.17,0.62,False
2023-10-24,2.92,🟢 맑음,기본 비중 유지,과열,1.71,0.58,0.62,False
2023-10-25,3.51,🟡 흐림,위험자산 10~20% 축소,과열,1.71,1.17,0.62,False
2023-10-26,3.51,🟡 흐림,위험자산 10~20% 축소,과열,1.71,1.17,0.62,False
2023-10-27,3.51,🟡 흐림,위험자산 10~20% 축소,과열,1.71,1.17,0.62,False
2023-10-30,2.92,🟢 맑음,기본 비중 유지,과열,1.71,0.58,0.62,False
2023-10-31,2.34,🟢 맑음,기본 비중 유지,과열,1.71,0.0,0.62,False
2023-11-01,2.34,🟢 맑음,기본 비중 유지,과열,1.71,0.0,0.62,False
2023-11-02,2.92,🟢 맑음,기본 비중 유지,과열,1.71,0.58,0.62,False
2023-11-03,2.92,🟢 맑음,기본 비중 유지,과열,1.71,0.58,0.62,False
2023-11-06,2.92,🟢 맑음,기본 비중 유지,과열,1.71,0.58,0.62,False
2023-11-07,2.92,🟢 맑음,기본 비중 유지,과열,1.71,0.58,0.62,False
2023-11-08,1.85,🟢 맑음,기본 비중 유지,골디락스,1.14,0.58,0.62,False
2023-11-09,1.85,🟢 맑음,기본 비중 유지,골디락스,1.14,0.58,0.62,False
2023-11-10,1.85,🟢 맑음,기본 비중 유지,골디락스,1.14,0.58,0.62,False
2023-11-13,3.49,🟡 흐림,위험자산 10~20% 축소,둔화_주의,2.29,0.58,0.62,False
2023-11-14,3.49,🟡 흐림,위험자산 10~20% 축소,둔화_주의,2.29,0.58,0.62,False
2023-11-15,4.08,🟡 흐림,위험자산 10~20% 축소,둔화_주의,2.29,1.17,0.62,False
2023-11-16,4.08,🟡 흐림,위험자산 10~20% 축소,둔화_주의,2.29,1.17,0.62,False
2023-11-17,4.08,🟡 흐림,위험자산 10~20% 축소,둔화_주의,2.29,1.17,0.62,False
2023-11-20,2.43,🟢 맑음,기본 비중 유지,골디락스,1.14,1.17,0.62,False
2023-11-21,2.43,🟢 맑음,기본 비중 유지,골디락스,1.14,1.17,0.62,False
2023-11-22,2.43,🟢 맑음,기본 비중 유지,골디락스,1.14,1.17,0.62,False
2023-11-23,2.43,🟢 맑음,기본 비중 유지,골디락스,1.14,1.17,0.62,False
2023-11-24,2.43,🟢 맑음,기본 비중 유지,골디락스,1.14,1.17,0.62,False
2023-11-27,2.43,🟢 맑음,기본 비중 유지,골디락스,1.14,1.17,0.62,False
2023-11-28,2.43,🟢 맑음,기본 비중 유지,골디락스,1.14,1.17,0.62,False
2023-11-29,1.85,🟢 맑음,기본 비중 유지,골디락스,1.14,0.58,0.62,False
2023-11-30,2.43,🟢 맑음,기본 비중 유지,골디락스,1.14,1.17,0.62,False
2023-12-01,2.12,🟢 맑음,기본 비중 유지,골디락스,1.14,1.17,0.31,False
2023-12-04,2.12,🟢 맑음,기본 비중 유지,골디락스,1.14,1.17,0.31,False
2023-12-05,2.12,🟢 맑음,기본 비중 유지,골디락스,1.14,1.17,0.31,False
2023-12-06,2.12,🟢 맑음,기본 비중 유지,골디락스,1.14,1.17,0.31,False
2023-12-07,1.54,🟢 맑음,기본 비중 유지,골디락스,1.14,0.58,0.31,False
2023-12-08,1.54,🟢 맑음,기본 비중 유지,골디락스,1.14,0.58,0.31,False
2023-12-11,2.12,🟢 맑음,기본 비중 유지,골디락스,1.14,1.17,0.31,False
2023-12-12,2.69,🟢 맑음,기본 비중 유지,골디락스,1.71,1.17,0.31,False
2023-12-13,2.12,🟢 맑음,기본 비중 유지,골디락스,1.14,1.17,0.31,False
2023-12-14,2.12,🟢 맑음,기본 비중 유지,골디락스,1.14,1.17,0.31,False
2023-12-15,2.69,🟢 맑음,기본 비중 유지,골디락스,1.71,1.17,0.31,False
2023-12-18,1.54,🟢 맑음,기본 비중 유지,골디락스,1.14,0.58,0.31,False
2023-12-19,1.54,🟢 맑음,기본 비중 유지,골디락스,1.14,0.58,0.31,False
2023-12-20,1.54,🟢 맑음,기본 비중 유지,골디락스,1.14,0.58,0.31,False
2023-12-21,1.54,🟢 맑음,기본 비중 유지,골디락스,1.14,0.58,0.31,False
2023-12-22,1.54,🟢 맑음,기본 비중 유지,골디락스,1.14,0.58,0.31,False
2023-12-25,1.54,🟢 맑음,기본 비중 유지,골디락스,1.14,0.58,0.31,False
2023-12-26,1.54,🟢 맑음,기본 비중 유지,골디락스,1.14,0.58,0.31,False
2023-12-27,1.54,🟢 맑음,기본 비중 유지,골디락스,1.14,0.58,0.31,False
2023-12-28,1.54,🟢 맑음,기본 비중 유지,골디락스,1.14,0.58,0.31,False
2023-12-29,1.54,🟢 맑음,기본 비중 유지,골디락스,1.14,0.58,0.31,False
2024-01-01,1.54,🟢 맑음,기본 비중 유지,골디락스,1.14,0.58,0.31,False
2024-01-02,1.54,🟢 맑음,기본 비중 유지,골디락스,1.14,0.58,0.31,False
2024-01-03,1.54,🟢 맑음,기본 비중 유지,골디락스,1.14,0.58,0.31,False
2024-01-04,1.54,🟢 맑음,기본 비중 유지,골디락스,1.14,0.58,0.31,False
2024-01-05,1.54,🟢 맑음,기본 비중 유지,골디락스,1.14,0.58,0.31,False
2024-01-08,1.54,🟢 맑음,기본 비중 유지,골디락스,1.14,0.58,0.31,False
2024-01-09,2.12,🟢 맑음,기본 비중 유지,골디락스,1.14,1.17,0.31,False
2024-01-10,1.54,🟢 맑음,기본 비중 유지,골디락스,1.14,0.58,0.31,False
2024-01-11,2.12,🟢 맑음,기본 비중 유지,골디락스,1.14,1.17,0.31,False
2024-01-12,2.12,🟢 맑음,기본 비중 유지,골디락스,1.14,1.17,0.31,False
2024-01-15,2.12,🟢 맑음,기본 비중 유지,골디락스,1.14,1.17,0.31,False
2024-01-16,1.54,🟢 맑음,기본 비중 유지,골디락스,1.14,0.58,0.31,False
2024-01-17,2.12,🟢 맑음,기본 비중 유지,골디락스,1.14,1.17,0.31,False
2024-01-18,2.12,🟢 맑음,기본 비중 유지,골디락스,1.14,1.17,0.31,False
2024-01-19,2.12,🟢 맑음,기본 비중 유지,골디락스,1.14,1.17,0.31,False
2024-01-22,3.76,🟡 흐림,위험자산 10~20% 축소,둔화_주의,2.29,1.17,0.31,False
2024-01-23,3.76,🟡 흐림,위험자산 10~20% 축소,둔화_주의,2.29,1.17,0.31,False
2024-01-24,3.45,🟡 흐림,위험자산 10~20% 축소,둔화_주의,2.29,1.17,0.0,False
2024-01-25,3.45,🟡 흐림,위험자산 10~20% 축소,둔화_주의,2.29,1.17,0.0,False
2024-01-26,3.45,🟡 흐림,위험자산 10~20% 축소,둔화_주의,2.29,1.17,0.0,False
2024-01-29,3.45,🟡 흐림,위험자산 10~20% 축소,둔화_주의,2.29,1.17,0.0,False
2024-01-30,3.76,🟡 흐림,위험자산 10~20% 축소,둔화_주의,2.29,1.17,0.31,False
2024-01-31,3.76,🟡 흐림,위험자산 10~20% 축소,둔화_주의,2.29,1.17,0.31,False
2024-02-01,3.76,🟡 흐림,위험자산 10~20% 축소,둔화_주의,2.29,1.17,0.31,False
2024-02-02,3.76,🟡 흐림,위험자산 10~20% 축소,둔화_주의,2.29,1.17,0.31,False
2024-02-05,2.12,🟢 맑음,기본 비중 유지,골디락스,1.14,1.17,0.31,False
2024-02-06,2.12,🟢 맑음,기본 비중 유지,골디락스,1.14,1.17,0.31,False
2024-02-07,2.12,🟢 맑음,기본 비중 유지,골디락스,1.14,1.17,0.31,False
2024-02-08,1.81,🟢 맑음,기본 비중 유지,골디락스,1.14,1.17,0.0,False
2024-02-09,2.12,🟢 맑음,기본 비중 유지,골디락스,1.14,1.17,0.31,False
2024-02-12,2.12,🟢 맑음,기본 비중 유지,골디락스,1.14,1.17,0.31,False
2024-02-13,2.88,🟢 맑음,기본 비중 유지,과열,1.71,1.17,0.0,False
2024-02-14,2.88,🟢 맑음,기본 비중 유지,과열,1.71,1.17,0.0,False
2024-02-15,2.88,🟢 맑음,기본 비중 유지,과열,1.71,1.17,0.0,False
2024-02-16,2.88,🟢 맑음,기본 비중 유지,과열,1.71,1.17,0.0,False
2024-02-19,2.88,🟢 맑음,기본 비중 유지,과열,1.71,1.17,0.0,False
2024-02-20,2.88,🟢 맑음,기본 비중 유지,과열,1.71,1.17,0.0,False
2024-02-21,2.88,🟢 맑음,기본 비중 유지,과열,1.71,1.17,0.0,False
2024-02-22,2.88,🟢 맑음,기본 비중 유지,과열,1.71,1.17,0.0,False
2024-02-23,2.88,🟢 맑음,기본 비중 유지,과열,1.71,1.17,0.0,False
2024-02-26,2.88,🟢 맑음,기본 비중 유지,과열,1.71,1.17,0.0,False
2024-02-27,2.88,🟢 맑음,기본 비중 유지,과열,1.71,1.17,0.0,False
2024-02-28,2.88,🟢 맑음,기본 비중 유지,과열,1.71,1.17,0.0,False
2024-02-29,3.19,🟡 흐림,위험자산 10~20% 축소,과열,1.71,1.17,0.31,False
2024-03-01,3.51,🟡 흐림,위험자산 10~20% 축소,과열,1.71,1.17,0.62,False
2024-03-04,3.51,🟡 흐림,위험자산 10~20% 축소,과열,1.71,1.17,0.62,False
2024-03-05,3.51,🟡 흐림,위험자산 10~20% 축소,과열,1.71,1.17,0.62,False
2024-03-06,3.51,🟡 흐림,위험자산 10~20% 축소,과열,1.71,1.17,0.62,False
2024-03-07,3.51,🟡 흐림,위험자산 10~20% 축소,과열,1.71,1.17,0.62,False
2024-03-08,3.19,🟡 흐림,위험자산 10~20% 축소,과열,1.71,1.17,0.31,False
2024-03-11,3.19,🟡 흐림,위험자산 10~20% 축소,과열,1.71,1.17,0.31,False
2024-03-12,3.19,🟡 흐림,위험자산 10~20% 축소,과열,1.71,1.17,0.31,False
2024-03-13,3.19,🟡 흐림,위험자산 10~20% 축소,과열,1.71,1.17,0.31,False
2024-03-14,3.19,🟡 흐림,위험자산 10~20% 축소,과열,1.71,1.17,0.31,False
2024-03-15,2.61,🟢 맑음,기본 비중 유지,과열,1.71,0.58,0.31,False
2024-03-18,2.61,🟢 맑음,기본 비중 유지,과열,1.71,0.58,0.31,False
2024-03-19,3.19,🟡 흐림,위험자산 10~20% 축소,과열,1.71,1.17,0.31,False
2024-03-20,3.19,🟡 흐림,위험자산 10~20% 축소,과열,1.71,1.17,0.31,False
2024-03-21,3.19,🟡 흐림,위험자산 10~20% 축소,과열,1.71,1.17,0.31,False
2024-03-22,3.19,🟡 흐림,위험자산 10~20% 축소,과열,1.71,1.17,0.31,False
2024-03-25,3.19,🟡 흐림,위험자산 10~20% 축소,과열,1.71,1.17,0.31,False
2024-03-26,3.19,🟡 흐림,위험자산 10~20% 축소,과열,1.71,1.17,0.31,False
2024-03-27,3.19,🟡 흐림,위험자산 10~20% 축소,과열,1.71,1.17,0.31,False
2024-03-28,3.19,🟡 흐림,위험자산 10~20% 축소,과열,1.71,1.17,0.31,False
2024-03-29,3.19,🟡 흐림,위험자산 10~20% 축소,과열,1.71,1.17,0.31,False
2024-04-01,3.76,🟡 흐림,위험자산 10~20% 축소,둔화_주의,2.29,1.17,0.31,False
2024-04-02,3.76,🟡 흐림,위험자산 10~20% 축소,둔화_주의,2.29,1.17,0.31,False
2024-04-03,3.18,🟡 흐림,위험자산 10~20% 축소,둔화_주의,2.29,0.58,0.31,False
2024-04-04,3.76,🟡 흐림,위험자산 10~20% 축소,둔화_주의,2.29,1.17,0.31,False
2024-04-05,3.76,🟡 흐림,위험자산 10~20% 축소,둔화_주의,2.29,1.17,0.31,False
2024-04-08,3.19,🟡 흐림,위험자산 10~20% 축소,과열,1.71,1.17,0.31,False
2024-04-09,2.61,🟢 맑음,기본 비중 유지,과열,1.71,0.58,0.31,False
2024-04-10,2.61,🟢 맑음,기본 비중 유지,과열,1.71,0.58,0.31,False
2024-04-11,2.61,🟢 맑음,기본 비중 유지,과열,1.71,0.58,0.31,False
2024-04-12,3.19,🟡 흐림,위험자산 10~20% 축소,과열,1.71,1.17,0.31,False
2024-04-15,2.61,🟢 맑음,기본 비중 유지,과열,1.71,0.58,0.31,False
2024-04-16,2.61,🟢 맑음,기본 비중 유지,과열,1.71,0.58,0.31,False
2024-04-17,2.61,🟢 맑음,기본 비중 유지,과열,1.71,0.58,0.31,False
2024-04-18,2.61,🟢 맑음,기본 비중 유지,과열,1.71,0.58,0.31,False
2024-04-19,2.61,🟢 맑음,기본 비중 유지,과열,1.71,0.58,0.31,False
2024-04-22,2.61,🟢 맑음,기본 비중 유지,과열,1.71,0.58,0.31,False
2024-04-23,2.61,🟢 맑음,기본 비중 유지,과열,1.71,0.58,0.31,False
2024-04-24,2.61,🟢 맑음,기본 비중 유지,과열,1.71,0.58,0.31,False
2024-04-25,2.61,🟢 맑음,기본 비중 유지,과열,1.71,0.58,0.31,False
2024-04-26,3.19,🟡 흐림,위험자산 10~20% 축소,과열,1.71,1.17,0.31,False
2024-04-29,2.61,🟢 맑음,기본 비중 유지,과열,1.71,0.58,0.31,False
2024-04-30,2.61,🟢 맑음,기본 비중 유지,과열,1.71,0.58,0.31,False
2024-05-01,2.61,🟢 맑음,기본 비중 유지,과열,1.71,0.58,0.31,False
2024-05-02,2.61,🟢 맑음,기본 비중 유지,과열,1.71,0.58,0.31,False
2024-05-03,2.61,🟢 맑음,기본 비중 유지,과열,1.71,0.58,0.31,False
2024-05-06,3.18,🟡 흐림,위험자산 10~20% 축소,둔화_주의,2.29,0.58,0.31,False
2024-05-07,3.18,🟡 흐림,위험자산 10~20% 축소,둔화_주의,2.29,0.58,0.31,False
2024-05-08,3.18,🟡 흐림,위험자산 10~20% 축소,둔화_주의,2.29,0.58,0.31,False
2024-05-09,3.18,🟡 흐림,위험자산 10~20% 축소,둔화_주의,2.29,0.58,0.31,False
2024-05-10,3.18,🟡 흐림,위험자산 10~20% 축소,둔화_주의,2.29,0.58,0.31,False
2024-05-13,3.18,🟡 흐림,위험자산 10~20% 축소,둔화_주의,2.29,0.58,0.31,False
2024-05-14,3.76,🟡 흐림,위험자산 10~20% 축소,둔화_주의,2.29,1.17,0.31,False
2024-05-15,3.76,🟡 흐림,위험자산 10~20% 축소,둔화_주의,2.29,1.17,0.31,False
2024-05-16,3.76,🟡 흐림,위험자산 10~20% 축소,둔화_주의,2.29,1.17,0.31,False
2024-05-17,3.76,🟡 흐림,위험자산 10~20% 축소,둔화_주의,2.29,1.17,0.31,False
2024-05-20,3.19,🟡 흐림,위험자산 10~20% 축소,과열,1.71,1.17,0.31,False
2024-05-21,3.19,🟡 흐림,위험자산 10~20% 축소,과열,1.71,1.17,0.31,False
2024-05-22,3.19,🟡 흐림,위험자산 10~20% 축소,과열,1.71,1.17,0.31,False
2024-05-23,3.19,🟡 흐림,위험자산 10~20% 축소,과열,1.71,1.17,0.31,False
2024-05-24,3.19,🟡 흐림,위험자산 10~20% 축소,과열,1.71,1.17,0.31,False
2024-05-27,3.76,🟡 흐림,위험자산 10~20% 축소,둔화_주의,2.29,1.17,0.31,False
2024-05-28,3.76,🟡 흐림,위험자산 10~20% 축소,둔화_주의,2.29,1.17,0.31,False
2024-05-29,3.76,🟡 흐림,위험자산 10~20% 축소,둔화_주의,2.29,1.17,0.31,False
2024-05-30,3.76,🟡 흐림,위험자산 10~20% 축소,둔화_주의,2.29,1.17,0.31,False
2024-05-31,3.76,🟡 흐림,위험자산 10~20% 축소,둔화_주의,2.29,1.17,0.31,False
2024-06-03,3.18,🟡 흐림,위험자산 10~20% 축소,둔화_주의,2.29,0.58,0.31,False
2024-06-04,3.18,🟡 흐림,위험자산 10~20% 축소,둔화_주의,2.29,0.58,0.31,False
2024-06-05,3.76,🟡 흐림,위험자산 10~20% 축소,둔화_주의,2.29,1.17,0.31,False
2024-06-06,3.76,🟡 흐림,위험자산 10~20% 축소,둔화_주의,2.29,1.17,0.31,False
2024-06-07,3.18,🟡 흐림,위험자산 10~20% 축소,둔화_주의,2.29,0.58,0.31,False
2024-06-10,3.76,🟡 흐림,위험자산 10~20% 축소,둔화_주의,2.29,1.17,0.31,False
2024-06-11,3.76,🟡 흐림,위험자산 10~20% 축소,둔화_주의,2.29,1.17,0.31,False
2024-06-12,3.76,🟡 흐림,위험자산 10~20% 축소,둔화_주의,2.29,1.17,0.31,False
2024-06-13,3.76,🟡 흐림,위험자산 10~20% 축소,둔화_주의,2.29,1.17,0.31,False
2024-06-14,3.76,🟡 흐림,위험자산 10~20% 축소,둔화_주의,2.29,1.17,0.31,False
2024-06-17,3.76,🟡 흐림,위험자산 10~20% 축소,둔화_주의,2.29,1.17,0.31,False
2024-06-18,3.76,🟡 흐림,위험자산 10~20% 축소,둔화_주의,2.29,1.17,0.31,False
2024-06-19,3.76,🟡 흐림,위험자산 10~20% 축소,둔화_주의,2.29,1.17,0.31,False
2024-06-20,3.76,🟡 흐림,위험자산 10~20% 축소,둔화_주의,2.29,1.17,0.31,False
2024-06-21,3.76,🟡 흐림,위험자산 10~20% 축소,둔화_주의,2.29,1.17,0.31,False
2024-06-24,3.76,🟡 흐림,위험자산 10~20% 축소,둔화_주의,2.29,1.17,0.31,False
2024-06-25,3.76,🟡 흐림,위험자산 10~20% 축소,둔화_주의,2.29,1.17,0.31,False
2024-06-26,3.76,🟡 흐림,위험자산 10~20% 축소,둔화_주의,2.29,1.17,0.31,False
2024-06-27,3.76,🟡 흐림,위험자산 10~20% 축소,둔화_주의,2.29,1.17,0.31,False
2024-06-28,3.76,🟡 흐림,위험자산 10~20% 축소,둔화_주의,2.29,1.17,0.31,False
2024-07-01,4.08,🟡 흐림,위험자산 10~20% 축소,둔화_주의,2.29,1.17,0.62,False
2024-07-02,4.08,🟡 흐림,위험자산 10~20% 축소,둔화_주의,2.29,1.17,0.62,False
2024-07-03,4.08,🟡 흐림,위험자산 10~20% 축소,둔화_주의,2.29,1.17,0.62,False
2024-07-04,4.08,🟡 흐림,위험자산 10~20% 축소,둔화_주의,2.29,1.17,0.62,False
2024-07-05,4.08,🟡 흐림,위험자산 10~20% 축소,둔화_주의,2.29,1.17,0.62,False
2024-07-08,4.08,🟡 흐림,위험자산 10~20% 축소,둔화_주의,2.29,1.17,0.62,False
2024-07-09,4.08,🟡 흐림,위험자산 10~20% 축소,둔화_주의,2.29,1.17,0.62,False
2024-07-10,4.08,🟡 흐림,위험자산 10~20% 축소,둔화_주의,2.29,1.17,0.62,False
2024-07-11,4.08,🟡 흐림,위험자산 10~20% 축소,둔화_주의,2.29,1.17,0.62,False
2024-07-12,4.08,🟡 흐림,위험자산 10~20% 축소,둔화_주의,2.29,1.17,0.62,False
2024-07-15,4.08,🟡 흐림,위험자산 10~20% 축소,둔화_주의,2.29,1.17,0.62,False
2024-07-16,4.08,🟡 흐림,위험자산 10~20% 축소,둔화_주의,2.29,1.17,0.62,False
2024-07-17,4.08,🟡 흐림,위험자산 10~20% 축소,둔화_주의,2.29,1.17,0.62,False
2024-07-18,4.08,🟡 흐림,위험자산 10~20% 축소,둔화_주의,2.29,1.17,0.62,False
2024-07-19,4.08,🟡 흐림,위험자산 10~20% 축소,둔화_주의,2.29,1.17,0.62,False
2024-07-22,4.08,🟡 흐림,위험자산 10~20% 축소,둔화_주의,2.29,1.17,0.62,False
2024-07-23,3.49,🟡 흐림,위험자산 10~20% 축소,둔화_주의,2.29,0.58,0.62,False
2024-07-24,3.49,🟡 흐림,위험자산 10~20% 축소,둔화_주의,2.29,0.58,0.62,False
2024-07-25,3.49,🟡 흐림,위험자산 10~20% 축소,둔화_주의,2.29,0.58,0.62,False
2024-07-26,3.49,🟡 흐림,위험자산 10~20% 축소,둔화_주의,2.29,0.58,0.62,False
2024-07-29,2.91,🟢 맑음,기본 비중 유지,둔화_주의,2.29,0.0,0.62,False
2024-07-30,2.91,🟢 맑음,기본 비중 유지,둔화_주의,2.29,0.0,0.62,False
2024-07-31,3.49,🟡 흐림,위험자산 10~20% 축소,둔화_주의,2.29,0.58,0.62,False
2024-08-01,3.81,🟡 흐림,위험자산 10~20% 축소,둔화_주의,2.29,0.58,0.94,False
2024-08-02,4.97,🟡 흐림,위험자산 10~20% 축소,둔화_주의,2.29,1.75,0.94,False
2024-08-05,6.72,🔴 폭풍,공격적 방어 모드,둔화_주의,2.29,3.5,0.94,False
2024-08-06,5.56,🟡 흐림,위험자산 10~20% 축소,둔화_주의,2.29,2.33,0.94,False
2024-08-07,5.56,🟡 흐림,위험자산 10~20% 축소,둔화_주의,2.29,2.33,0.94,False
2024-08-08,4.97,🟡 흐림,위험자산 10~20% 축소,둔화_주의,2.29,1.75,0.94,False
2024-08-09,4.97,🟡 흐림,위험자산 10~20% 축소,둔화_주의,2.29,1.75,0.94,False
2024-08-12,4.97,🟡 흐림,위험자산 10~20% 축소,둔화_주의,2.29,1.75,0.94,False
2024-08-13,4.39,🟡 흐림,위험자산 10~20% 축소,둔화_주의,2.29,1.17,0.94,False
2024-08-14,4.39,🟡 흐림,위험자산 10~20% 축소,둔화_주의,2.29,1.17,0.94,False
2024-08-15,4.08,🟡 흐림,위험자산 10~20% 축소,둔화_주의,2.29,1.17,0.62,False
2024-08-16,4.08,🟡 흐림,위험자산 10~20% 축소,둔화_주의,2.29,1.17,0.62,False
2024-08-19,4.08,🟡 흐림,위험자산 10~20% 축소,둔화_주의,2.29,1.17,0.62,False
2024-08-20,4.08,🟡 흐림,위험자산 10~20% 축소,둔화_주의,2.29,1.17,0.62,False
2024-08-21,4.08,🟡 흐림,위험자산 10~20% 축소,둔화_주의,2.29,1.17,0.62,False
2024-08-22,4.08,🟡 흐림,위험자산 10~20% 축소,둔화_주의,2.29,1.17,0.62,False
2024-08-23,4.08,🟡 흐림,위험자산 10~20% 축소,둔화_주의,2.29,1.17,0.62,False
2024-08-26,4.08,🟡 흐림,위험자산 10~20% 축소,둔화_주의,2.29,1.17,0.62,False
2024-08-27,4.08,🟡 흐림,위험자산 10~20% 축소,둔화_주의,2.29,1.17,0.62,False
2024-08-28,3.51,🟡 흐림,위험자산 10~20% 축소,둔화_주의,1.71,1.17,0.62,False
2024-08-29,4.08,🟡 흐림,위험자산 10~20% 축소,둔화_주의,2.29,1.17,0.62,False
2024-08-30,4.08,🟡 흐림,위험자산 10~20% 축소,둔화_주의,2.29,1.17,0.62,False
2024-09-02,4.08,🟡 흐림,위험자산 10~20% 축소,둔화_주의,2.29,1.17,0.62,False
2024-09-03,4.66,🟡 흐림,위험자산 10~20% 축소,둔화_주의,2.29,1.75,0.62,False
2024-09-04,4.09,🟡 흐림,위험자산 10~20% 축소,둔화_주의,1.71,1.75,0.62,False
2024-09-05,4.08,🟡 흐림,위험자산 10~20% 축소,둔화_주의,2.29,1.17,0.62,False
2024-09-06,4.09,🟡 흐림,위험자산 10~20% 축소,둔화_주의,1.71,1.75,0.62,False
2024-09-09,3.51,🟡 흐림,위험자산 10~20% 축소,둔화_주의,1.71,1.17,0.62,False
2024-09-10,3.24,🟡 흐림,위험자산 10~20% 축소,둔화_주의,1.71,0.58,0.94,False
2024-09-11,3.24,🟡 흐림,위험자산 10~20% 축소,둔화_주의,1.71,0.58,0.94,False
2024-09-12,3.51,🟡 흐림,위험자산 10~20% 축소,둔화_주의,1.71,1.17,0.62,False
2024-09-13,3.51,🟡 흐림,위험자산 10~20% 축소,둔화_주의,1.71,1.17,0.62,False
2024-09-16,3.51,🟡 흐림,위험자산 10~20% 축소,둔화_주의,1.71,1.17,0.62,False
2024-09-17,3.51,🟡 흐림,위험자산 10~20% 축소,둔화_주의,1.71,1.17,0.62,False
2024-09-18,3.51,🟡 흐림,위험자산 10~20% 축소,둔화_주의,1.71,1.17,0.62,False
2024-09-19,3.51,🟡 흐림,위험자산 10~20% 축소,둔화_주의,1.71,1.17,0.62,False
2024-09-20,3.51,🟡 흐림,위험자산 10~20% 축소,둔화_주의,1.71,1.17,0.62,False
2024-09-23,3.51,🟡 흐림,위험자산 10~20% 축소,둔화_주의,1.71,1.17,0.62,False
2024-09-24,3.51,🟡 흐림,위험자산 10~20% 축소,둔화_주의,1.71,1.17,0.62,False
2024-09-25,3.51,🟡 흐림,위험자산 10~20% 축소,둔화_주의,1.71,1.17,0.62,False
2024-09-26,3.51,🟡 흐림,위험자산 10~20% 축소,둔화_주의,1.71,1.17,0.62,False
2024-09-27,3.51,🟡 흐림,위험자산 10~20% 축소,둔화_주의,1.71,1.17,0.62,False
2024-09-30,3.51,🟡 흐림,위험자산 10~20% 축소,둔화_주의,1.71,1.17,0.62,False
2024-10-01,3.19,🟡 흐림,위험자산 10~20% 축소,둔화_주의,1.71,1.17,0.31,False
2024-10-02,3.19,🟡 흐림,위험자산 10~20% 축소,둔화_주의,1.71,1.17,0.31,False
2024-10-03,3.78,🟡 흐림,위험자산 10~20% 축소,둔화_주의,1.71,1.75,0.31,False
2024-10-04,3.19,🟡 흐림,위험자산 10~20% 축소,둔화_주의,1.71,1.17,0.31,False
2024-10-07,4.36,🟡 흐림,위험자산 10~20% 축소,둔화_주의,1.71,2.33,0.31,False
2024-10-08,3.78,🟡 흐림,위험자산 10~20% 축소,둔화_주의,1.71,1.75,0.31,False
2024-10-09,3.78,🟡 흐림,위험자산 10~20% 축소,둔화_주의,1.71,1.75,0.31,False
2024-10-10,3.78,🟡 흐림,위험자산 10~20% 축소,둔화_주의,1.71,1.75,0.31,False
2024-10-11,3.78,🟡 흐림,위험자산 10~20% 축소,둔화_주의,1.71,1.75,0.31,False
2024-10-14,3.19,🟡 흐림,위험자산 10~20% 축소,둔화_주의,1.71,1.17,0.31,False
2024-10-15,3.78,🟡 흐림,위험자산 10~20% 축소,둔화_주의,1.71,1.75,0.31,False
2024-10-16,3.19,🟡 흐림,위험자산 10~20% 축소,둔화_주의,1.71,1.17,0.31,False
2024-10-17,3.19,🟡 흐림,위험자산 10~20% 축소,둔화_주의,1.71,1.17,0.31,False
2024-10-18,3.19,🟡 흐림,위험자산 10~20% 축소,둔화_주의,1.71,1.17,0.31,False
2024-10-21,3.19,🟡 흐림,위험자산 10~20% 축소,둔화_주의,1.71,1.17,0.31,False
2024-10-22,3.19,🟡 흐림,위험자산 10~20% 축소,둔화_주의,1.71,1.17,0.31,False
2024-10-23,3.19,🟡 흐림,위험자산 10~20% 축소,둔화_주의,1.71,1.17,0.31,False
2024-10-24,3.19,🟡 흐림,위험자산 10~20% 축소,둔화_주의,1.71,1.17,0.31,False
2024-10-25,3.78,🟡 흐림,위험자산 10~20% 축소,둔화_주의,1.71,1.75,0.31,False
2024-10-28,2.62,🟢 맑음,기본 비중 유지,과열,1.14,1.17,0.31,False
2024-10-29,2.62,🟢 맑음,기본 비중 유지,과열,1.14,1.17,0.31,False
2024-10-30,3.21,🟡 흐림,위험자산 10~20% 축소,과열,1.14,1.75,0.31,False
2024-10-31,3.79,🟡 흐림,위험자산 10~20% 축소,과열,1.14,2.33,0.31,False
2024-11-01,3.21,🟡 흐림,위험자산 10~20% 축소,과열,1.14,1.75,0.31,False
2024-11-04,4.36,🟡 흐림,위험자산 10~20% 축소,둔화_주의,1.71,2.33,0.31,False
2024-11-05,4.36,🟡 흐림,위험자산 10~20% 축소,둔화_주의,1.71,2.33,0.31,False
2024-11-06,3.19,🟡 흐림,위험자산 10~20% 축소,둔화_주의,1.71,1.17,0.31,False
2024-11-07,3.19,🟡 흐림,위험자산 10~20% 축소,둔화_주의,1.71,1.17,0.31,False
2024-11-08,3.19,🟡 흐림,위험자산 10~20% 축소,둔화_주의,1.71,1.17,0.31,False
2024-11-11,2.62,🟢 맑음,기본 비중 유지,과열,1.14,1.17,0.31,False
2024-11-12,2.62,🟢 맑음,기본 비중 유지,과열,1.14,1.17,0.31,False
2024-11-13,2.62,🟢 맑음,기본 비중 유지,과열,1.14,1.17,0.31,False
2024-11-14,2.62,🟢 맑음,기본 비중 유지,과열,1.14,1.17,0.31,False
2024-11-15,2.62,🟢 맑음,기본 비중 유지,과열,1.14,1.17,0.31,False
2024-11-18,2.62,🟢 맑음,기본 비중 유지,과열,1.14,1.17,0.31,False
2024-11-19,2.62,🟢 맑음,기본 비중 유지,과열,1.14,1.17,0.31,False
2024-11-20,2.62,🟢 맑음,기본 비중 유지,과열,1.14,1.17,0.31,False
2024-11-21,2.62,🟢 맑음,기본 비중 유지,과열,1.14,1.17,0.31,False
2024-11-22,2.62,🟢 맑음,기본 비중 유지,과열,1.14,1.17,0.31,False
2024-11-25,2.62,🟢 맑음,기본 비중 유지,과열,1.14,1.17,0.31,False
2024-11-26,2.62,🟢 맑음,기본 비중 유지,과열,1.14,1.17,0.31,False
2024-11-27,2.62,🟢 맑음,기본 비중 유지,과열,1.14,1.17,0.31,False
2024-11-28,2.62,🟢 맑음,기본 비중 유지,과열,1.14,1.17,0.31,False
2024-11-29,2.62,🟢 맑음,기본 비중 유지,과열,1.14,1.17,0.31,False
2024-12-02,3.19,🟡 흐림,위험자산 10~20% 축소,둔화_주의,1.71,1.17,0.31,False
2024-12-03,3.19,🟡 흐림,위험자산 10~20% 축소,둔화_주의,1.71,1.17,0.31,False
2024-12-04,3.19,🟡 흐림,위험자산 10~20% 축소,둔화_주의,1.71,1.17,0.31,False
2024-12-05,3.19,🟡 흐림,위험자산 10~20% 축소,둔화_주의,1.71,1.17,0.31,False
2024-12-06,3.19,🟡 흐림,위험자산 10~20% 축소,둔화_주의,1.71,1.17,0.31,False
2024-12-09,3.19,🟡 흐림,위험자산 10~20% 축소,둔화_주의,1.71,1.17,0.31,False
2024-12-10,3.19,🟡 흐림,위험자산 10~20% 축소,둔화_주의,1.71,1.17,0.31,False
2024-12-11,3.19,🟡 흐림,위험자산 10~20% 축소,둔화_주의,1.71,1.17,0.31,False
2024-12-12,3.19,🟡 흐림,위험자산 10~20% 축소,둔화_주의,1.71,1.17,0.31,False
2024-12-13,3.19,🟡 흐림,위험자산 10~20% 축소,둔화_주의,1.71,1.17,0.31,False
2024-12-16,3.19,🟡 흐림,위험자산 10~20% 축소,둔화_주의,1.71,1.17,0.31,False
2024-12-17,3.19,🟡 흐림,위험자산 10~20% 축소,둔화_주의,1.71,1.17,0.31,False
2024-12-18,4.94,🟡 흐림,위험자산 10~20% 축소,둔화_주의,1.71,2.92,0.31,False
2024-12-19,3.78,🟡 흐림,위험자산 10~20% 축소,둔화_주의,1.71,1.75,0.31,False
2024-12-20,3.19,🟡 흐림,위험자산 10~20% 축소,둔화_주의,1.71,1.17,0.31,False
2024-12-23,2.62,🟢 맑음,기본 비중 유지,과열,1.14,1.17,0.31,False
2024-12-24,2.62,🟢 맑음,기본 비중 유지,과열,1.14,1.17,0.31,False
2024-12-25,2.62,🟢 맑음,기본 비중 유지,과열,1.14,1.17,0.31,False
2024-12-26,2.62,🟢 맑음,기본 비중 유지,과열,1.14,1.17,0.31,False
2024-12-27,2.62,🟢 맑음,기본 비중 유지,과열,1.14,1.17,0.31,False
2024-12-30,2.62,🟢 맑음,기본 비중 유지,과열,1.14,1.17,0.31,False
2024-12-31,2.62,🟢 맑음,기본 비중 유지,과열,1.14,1.17,0.31,False
